0,370,540,1280,0.5
43478,370,540,1280,0.5
86956,370,540,1280,0.5
130434,370,540,1280,0.5
173913,370,540,1280,0.5
217391,370,540,1280,0.5
260869,370,540,1280,0.5
304347,370,540,1280,0.5
347826,370,540,1280,0.5
391304,370,540,1280,0.5
434782,370,540,1280,0.5
478260,370,540,1280,0.5
521739,370,540,1280,0.5
565217,370,540,1280,0.5
608695,370,540,1280,0.5
652173,370,540,1280,0.5
695652,370,540,1280,0.5
739130,370,540,1280,0.5
782608,370,540,1280,0.5
826086,370,540,1280,0.5
869565,370,540,1280,0.5
913043,370,540,1280,0.5
956521,370,540,1280,0.5
1000000,370,540,1280,0.5
1043478,370,540,1280,0.5
1086956,370,540,1280,0.5
1130434,370,540,1280,0.5
1173913,370,540,1280,0.5
1217391,370,540,1280,0.5
1260869,370,540,1280,0.5
1304347,370,540,1280,0.5
1347826,370,540,1280,0.5
1391304,370,540,1280,0.5
1434782,370,540,1280,0.5
1478260,370,540,1280,0.5
1521739,370,540,1280,0.5
1565217,370,540,1280,0.5
1608695,370,540,1280,0.5
1652173,370,540,1280,0.5
1695652,370,540,1280,0.5
1739130,370,540,1280,0.5
1782608,370,540,1280,0.5
1826086,370,540,1280,0.5
1869565,370,540,1280,0.5
1913043,370,540,1280,0.5
1956521,370,540,1280,0.5
2000000,370,540,1280,0.5
2043478,370,540,1280,0.5
2086956,370,540,1280,0.5
2130434,370,540,1280,0.5
2173913,370,540,1280,0.5
2217391,370,540,1280,0.5
2260869,370,540,1280,0.5
2304347,370,540,1280,0.5
2347826,370,540,1280,0.5
2391304,370,540,1280,0.5
2434782,370,540,1280,0.5
2478260,370,540,1280,0.5
2521739,370,540,1280,0.5
2565217,370,540,1280,0.5
2608695,370,540,1280,0.5
2652173,370,540,1280,0.5
2695652,370,540,1280,0.5
2739130,370,540,1280,0.5
2782608,370,540,1280,0.5
2826086,370,540,1280,0.5
2869565,370,540,1280,0.5
2913043,370,540,1280,0.5
2956521,370,540,1280,0.5
3000000,370,540,1280,0.5
3043478,370,540,1280,0.5
3086956,370,540,1280,0.5
3130434,370,540,1280,0.5
3173913,370,540,1280,0.5
3217391,370,540,1280,0.5
3260869,370,540,1280,0.5
3304347,370,540,1280,0.5
3347826,370,540,1280,0.5
3391304,370,540,1280,0.5
3434782,370,540,1280,0.5
3478260,370,540,1280,0.5
3521739,370,540,1280,0.5
3565217,370,540,1280,0.5
3608695,370,540,1280,0.5
3652173,370,540,1280,0.5
3695652,370,540,1280,0.5
3739130,370,540,1280,0.5
3782608,370,540,1280,0.5
3826086,370,540,1280,0.5
3869565,370,540,1280,0.5
3913043,370,540,1280,0.5
3956521,370,540,1280,0.5
4000000,370,540,1280,0.5
4043478,370,540,1280,0.5
4086956,370,540,1280,0.5
4130434,370,540,1280,0.5
4173913,370,540,1280,0.5
4217391,370,540,1280,0.5
4260869,370,540,1280,0.5
4304347,370,540,1280,0.5
4347826,370,540,1280,0.5
4391304,370,540,1280,0.5
4434782,370,540,1280,0.5
4478260,370,540,1280,0.5
4521739,370,540,1280,0.5
4565217,370,540,1280,0.5
4608695,370,540,1280,0.5
4652173,370,540,1280,0.5
4695652,370,540,1280,0.5
4739130,370,540,1280,0.5
4782608,370,540,1280,0.5
4826086,370,540,1280,0.5
4869565,370,540,1280,0.5
4913043,370,540,1280,0.5
4956521,370,540,1280,0.5
5000000,370,540,1280,0.5
5043478,370,540,1280,0.5
5086956,370,540,1280,0.5
5130434,370,540,1280,0.5
5173913,370,540,1280,0.5
5217391,370,540,1280,0.5
5260869,370,540,1280,0.5
5304347,370,540,1280,0.5
5347826,370,540,1280,0.5
5391304,370,540,1280,0.5
5434782,370,540,1280,0.5
5478260,370,540,1280,0.5
5521739,370,540,1280,0.5
5565217,370,540,1280,0.5
5608695,370,540,1280,0.5
5652173,370,540,1280,0.5
5695652,370,540,1280,0.5
5739130,370,540,1280,0.5
5782608,370,540,1280,0.5
5826086,370,540,1280,0.5
5869565,370,540,1280,0.5
5913043,370,540,1280,0.5
5956521,370,540,1280,0.5
6000000,370,540,1280,0.5
6043478,370,540,1280,0.5
6086956,370,540,1280,0.5
6130434,370,540,1280,0.5
6173913,370,540,1280,0.5
6217391,370,540,1280,0.5
6260869,370,540,1280,0.5
6304347,370,540,1280,0.5
6347826,370,540,1280,0.5
6391304,370,540,1280,0.5
6434782,370,540,1280,0.5
6478260,370,540,1280,0.5
6521739,370,540,1280,0.5
6565217,370,540,1280,0.5
6608695,370,540,1280,0.5
6652173,370,540,1280,0.5
6695652,370,540,1280,0.5
6739130,370,540,1280,0.5
6782608,370,540,1280,0.5
6826086,370,540,1280,0.5
6869565,370,540,1280,0.5
6913043,370,540,1280,0.5
6956521,370,540,1280,0.5
7000000,370,540,1280,0.5
7043478,370,540,1280,0.5
7086956,370,540,1280,0.5
7130434,370,540,1280,0.5
7173913,370,540,1280,0.5
7217391,370,540,1280,0.5
7260869,370,540,1280,0.5
7304347,370,540,1280,0.5
7347826,370,540,1280,0.5
7391304,370,540,1280,0.5
7434782,370,540,1280,0.5
7478260,370,540,1280,0.5
7521739,370,540,1280,0.5
7565217,370,540,1280,0.5
7608695,370,540,1280,0.5
7652173,370,540,1280,0.5
7695652,370,540,1280,0.5
7739130,370,540,1280,0.5
7782608,370,540,1280,0.5
7826086,370,540,1280,0.5
7869565,370,540,1280,0.5
7913043,370,540,1280,0.5
7956521,370,540,1280,0.5
8000000,370,540,1280,0.5
8043478,370,540,1280,0.5
8086956,370,540,1280,0.5
8130434,370,540,1280,0.5
8173913,370,540,1280,0.5
8217391,370,540,1280,0.5
8260869,370,540,1280,0.5
8304347,370,540,1280,0.5
8347826,370,540,1280,0.5
8391304,370,540,1280,0.5
8434782,370,540,1280,0.5
8478260,370,540,1280,0.5
8521739,370,540,1280,0.5
8565217,370,540,1280,0.5
8608695,370,540,1280,0.5
8652173,370,540,1280,0.5
8695652,370,540,1280,0.5
8739130,370,540,1280,0.5
8782608,370,540,1280,0.5
8826086,370,540,1280,0.5
8869565,370,540,1280,0.5
8913043,370,540,1280,0.5
8956521,370,540,1280,0.5
9000000,370,540,1280,0.5
9043478,370,540,1280,0.5
9086956,370,540,1280,0.5
9130434,370,540,1280,0.5
9173913,370,540,1280,0.5
9217391,370,540,1280,0.5
9260869,370,540,1280,0.5
9304347,370,540,1280,0.5
9347826,370,540,1280,0.5
9391304,370,540,1280,0.5
9434782,370,540,1280,0.5
9478260,370,540,1280,0.5
9521739,370,540,1280,0.5
9565217,370,540,1280,0.5
9608695,370,540,1280,0.5
9652173,370,540,1280,0.5
9695652,370,540,1280,0.5
9739130,370,540,1280,0.5
9782608,370,540,1280,0.5
9826086,370,540,1280,0.5
9869565,370,540,1280,0.5
9913043,370,540,1280,0.5
9956521,370,540,1280,0.5
10000000,370,540,1280,0.5
10043478,370,540,1280,0.5
10086956,370,540,1280,0.5
10130434,370,540,1280,0.5
10173913,370,540,1280,0.5
10217391,370,540,1280,0.5
10260869,370,540,1280,0.5
10304347,370,540,1280,0.5
10347826,370,540,1280,0.5
10391304,370,540,1280,0.5
10434782,370,540,1280,0.5
10478260,370,540,1280,0.5
10521739,370,540,1280,0.5
10565217,370,540,1280,0.5
10608695,370,540,1280,0.5
10652173,370,540,1280,0.5
10695652,370,540,1280,0.5
10739130,370,540,1280,0.5
10782608,370,540,1280,0.5
10826086,370,540,1280,0.5
10869565,370,540,1280,0.5
10913043,370,540,1280,0.5
10956521,370,540,1280,0.5
11000000,370,540,1280,0.5
11043478,370,540,1280,0.5
11086956,370,540,1280,0.5
11130434,370,540,1280,0.5
11173913,370,540,1280,0.5
11217391,370,540,1280,0.5
11260869,370,540,1280,0.5
11304347,370,540,1280,0.5
11347826,370,540,1280,0.5
11391304,370,540,1280,0.5
11434782,370,540,1280,0.5
11478260,370,540,1280,0.5
11521739,370,540,1280,0.5
11565217,370,540,1280,0.5
11608695,370,540,1280,0.5
11652173,370,540,1280,0.5
11695652,370,540,1280,0.5
11739130,370,540,1280,0.5
11782608,370,540,1280,0.5
11826086,370,540,1280,0.5
11869565,370,540,1280,0.5
11913043,370,540,1280,0.5
11956521,370,540,1280,0.5
12000000,370,540,1280,0.5
12043478,370,540,1280,0.5
12086956,370,540,1280,0.5
12130434,370,540,1280,0.5
12173913,370,540,1280,0.5
12217391,370,540,1280,0.5
12260869,370,540,1280,0.5
12304347,370,540,1280,0.5
12347826,370,540,1280,0.5
12391304,370,540,1280,0.5
12434782,370,540,1280,0.5
12478260,370,540,1280,0.5
12521739,370,540,1280,0.5
12565217,370,540,1280,0.5
12608695,370,540,1280,0.5
12652173,370,540,1280,0.5
12695652,370,540,1280,0.5
12739130,370,540,1280,0.5
12782608,370,540,1280,0.5
12826086,370,540,1280,0.5
12869565,370,540,1280,0.5
12913043,370,540,1280,0.5
12956521,370,540,1280,0.5
13000000,370,540,1280,0.5
13043478,370,540,1280,0.5
13086956,370,540,1280,0.5
13130434,370,540,1280,0.5
13173913,370,540,1280,0.5
13217391,370,540,1280,0.5
13260869,370,540,1280,0.5
13304347,370,540,1280,0.5
13347826,370,540,1280,0.5
13391304,370,540,1280,0.5
13434782,370,540,1280,0.5
13478260,370,540,1280,0.5
13521739,370,540,1280,0.5
13565217,370,540,1280,0.5
13608695,370,540,1280,0.5
13652173,370,540,1280,0.5
13695652,370,540,1280,0.5
13739130,370,540,1280,0.5
13782608,370,540,1280,0.5
13826086,370,540,1280,0.5
13869565,370,540,1280,0.5
13913043,370,540,1280,0.5
13956521,370,540,1280,0.5
14000000,370,540,1280,0.5
14043478,370,540,1280,0.5
14086956,370,540,1280,0.5
14130434,370,540,1280,0.5
14173913,370,540,1280,0.5
14217391,370,540,1280,0.5
14260869,370,540,1280,0.5
14304347,370,540,1280,0.5
14347826,370,540,1280,0.5
14391304,370,540,1280,0.5
14434782,370,540,1280,0.5
14478260,370,540,1280,0.5
14521739,370,540,1280,0.5
14565217,370,540,1280,0.5
14608695,370,540,1280,0.5
14652173,370,540,1280,0.5
14695652,370,540,1280,0.5
14739130,370,540,1280,0.5
14782608,370,540,1280,0.5
14826086,370,540,1280,0.5
14869565,370,540,1280,0.5
14913043,370,540,1280,0.5
14956521,370,540,1280,0.5
15000000,370,540,1280,0.5
15043478,370,540,1280,0.5
15086956,370,540,1280,0.5
15130434,370,540,1280,0.5
15173913,370,540,1280,0.5
15217391,370,540,1280,0.5
15260869,370,540,1280,0.5
15304347,370,540,1280,0.5
15347826,370,540,1280,0.5
15391304,370,540,1280,0.5
15434782,370,540,1280,0.5
15478260,370,540,1280,0.5
15521739,370,540,1280,0.5
15565217,370,540,1280,0.5
15608695,370,540,1280,0.5
15652173,370,540,1280,0.5
15695652,370,540,1280,0.5
15739130,370,540,1280,0.5
15782608,370,540,1280,0.5
15826086,370,540,1280,0.5
15869565,370,540,1280,0.5
15913043,370,540,1280,0.5
15956521,370,540,1280,0.5
16000000,370,540,1280,0.5
16043478,370,540,1280,0.5
16086956,370,540,1280,0.5
16130434,370,540,1280,0.5
16173913,370,540,1280,0.5
16217391,370,540,1280,0.5
16260869,370,540,1280,0.5
16304347,370,540,1280,0.5
16347826,370,540,1280,0.5
16391304,370,540,1280,0.5
16434782,370,540,1280,0.5
16478260,370,540,1280,0.5
16521739,370,540,1280,0.5
16565217,370,540,1280,0.5
16608695,370,540,1280,0.5
16652173,370,540,1280,0.5
16695652,370,540,1280,0.5
16739130,370,540,1280,0.5
16782608,370,540,1280,0.5
16826086,370,540,1280,0.5
16869565,370,540,1280,0.5
16913043,370,540,1280,0.5
16956521,370,540,1280,0.5
17000000,370,540,1280,0.5
17043478,370,540,1280,0.5
17086956,370,540,1280,0.5
17130434,370,540,1280,0.5
17173913,370,540,1280,0.5
17217391,370,540,1280,0.5
17260869,370,540,1280,0.5
17304347,370,540,1280,0.5
17347826,370,540,1280,0.5
17391304,370,540,1280,0.5
17434782,370,540,1280,0.5
17478260,370,540,1280,0.5
17521739,370,540,1280,0.5
17565217,370,540,1280,0.5
17608695,370,540,1280,0.5
17652173,370,540,1280,0.5
17695652,370,540,1280,0.5
17739130,370,540,1280,0.5
17782608,370,540,1280,0.5
17826086,370,540,1280,0.5
17869565,370,540,1280,0.5
17913043,370,540,1280,0.5
17956521,370,540,1280,0.5
18000000,370,540,1280,0.5
18043478,370,540,1280,0.5
18086956,370,540,1280,0.5
18130434,370,540,1280,0.5
18173913,370,540,1280,0.5
18217391,370,540,1280,0.5
18260869,370,540,1280,0.5
18304347,370,540,1280,0.5
18347826,370,540,1280,0.5
18391304,370,540,1280,0.5
18434782,370,540,1280,0.5
18478260,370,540,1280,0.5
18521739,370,540,1280,0.5
18565217,370,540,1280,0.5
18608695,370,540,1280,0.5
18652173,370,540,1280,0.5
18695652,370,540,1280,0.5
18739130,370,540,1280,0.5
18782608,370,540,1280,0.5
18826086,370,540,1280,0.5
18869565,370,540,1280,0.5
18913043,370,540,1280,0.5
18956521,370,540,1280,0.5
19000000,370,540,1280,0.5
19043478,370,540,1280,0.5
19086956,370,540,1280,0.5
19130434,370,540,1280,0.5
19173913,370,540,1280,0.5
19217391,370,540,1280,0.5
19260869,370,540,1280,0.5
19304347,370,540,1280,0.5
19347826,370,540,1280,0.5
19391304,370,540,1280,0.5
19434782,370,540,1280,0.5
19478260,370,540,1280,0.5
19521739,370,540,1280,0.5
19565217,370,540,1280,0.5
19608695,370,540,1280,0.5
19652173,370,540,1280,0.5
19695652,370,540,1280,0.5
19739130,370,540,1280,0.5
19782608,370,540,1280,0.5
19826086,370,540,1280,0.5
19869565,370,540,1280,0.5
19913043,370,540,1280,0.5
19956521,370,540,1280,0.5
20000000,370,540,1280,0.5
20043478,370,540,1280,0.5
20086956,370,540,1280,0.5
20130434,370,540,1280,0.5
20173913,370,540,1280,0.5
20217391,370,540,1280,0.5
20260869,370,540,1280,0.5
20304347,370,540,1280,0.5
20347826,370,540,1280,0.5
20391304,370,540,1280,0.5
20434782,370,540,1280,0.5
20478260,370,540,1280,0.5
20521739,370,540,1280,0.5
20565217,370,540,1280,0.5
20608695,370,540,1280,0.5
20652173,370,540,1280,0.5
20695652,370,540,1280,0.5
20739130,370,540,1280,0.5
20782608,370,540,1280,0.5
20826086,370,540,1280,0.5
20869565,370,540,1280,0.5
20913043,370,540,1280,0.5
20956521,370,540,1280,0.5
21000000,370,540,1280,0.5
21043478,370,540,1280,0.5
21086956,370,540,1280,0.5
21130434,370,540,1280,0.5
21173913,370,540,1280,0.5
21217391,370,540,1280,0.5
21260869,370,540,1280,0.5
21304347,370,540,1280,0.5
21347826,370,540,1280,0.5
21391304,370,540,1280,0.5
21434782,370,540,1280,0.5
21478260,370,540,1280,0.5
21521739,370,540,1280,0.5
21565217,370,540,1280,0.5
21608695,370,540,1280,0.5
21652173,370,540,1280,0.5
21695652,370,540,1280,0.5
21739130,370,540,1280,0.5
21782608,370,540,1280,0.5
21826086,370,540,1280,0.5
21869565,370,540,1280,0.5
21913043,370,540,1280,0.5
21956521,370,540,1280,0.5
22000000,370,540,1280,0.5
22043478,370,540,1280,0.5
22086956,370,540,1280,0.5
22130434,370,540,1280,0.5
22173913,370,540,1280,0.5
22217391,370,540,1280,0.5
22260869,370,540,1280,0.5
22304347,370,540,1280,0.5
22347826,370,540,1280,0.5
22391304,370,540,1280,0.5
22434782,370,540,1280,0.5
22478260,370,540,1280,0.5
22521739,370,540,1280,0.5
22565217,370,540,1280,0.5
22608695,370,540,1280,0.5
22652173,370,540,1280,0.5
22695652,370,540,1280,0.5
22739130,370,540,1280,0.5
22782608,370,540,1280,0.5
22826086,370,540,1280,0.5
22869565,370,540,1280,0.5
22913043,370,540,1280,0.5
22956521,370,540,1280,0.5
23000000,370,540,1280,0.5
23043478,370,540,1280,0.5
23086956,370,540,1280,0.5
23130434,370,540,1280,0.5
23173913,370,540,1280,0.5
23217391,370,540,1280,0.5
23260869,370,540,1280,0.5
23304347,370,540,1280,0.5
23347826,370,540,1280,0.5
23391304,370,540,1280,0.5
23434782,370,540,1280,0.5
23478260,370,540,1280,0.5
23521739,370,540,1280,0.5
23565217,370,540,1280,0.5
23608695,370,540,1280,0.5
23652173,370,540,1280,0.5
23695652,370,540,1280,0.5
23739130,370,540,1280,0.5
23782608,370,540,1280,0.5
23826086,370,540,1280,0.5
23869565,370,540,1280,0.5
23913043,370,540,1280,0.5
23956521,370,540,1280,0.5
24000000,370,540,1280,0.5
24043478,370,540,1280,0.5
24086956,370,540,1280,0.5
24130434,370,540,1280,0.5
24173913,370,540,1280,0.5
24217391,370,540,1280,0.5
24260869,370,540,1280,0.5
24304347,370,540,1280,0.5
24347826,370,540,1280,0.5
24391304,370,540,1280,0.5
24434782,370,540,1280,0.5
24478260,370,540,1280,0.5
24521739,370,540,1280,0.5
24565217,370,540,1280,0.5
24608695,370,540,1280,0.5
24652173,370,540,1280,0.5
24695652,370,540,1280,0.5
24739130,370,540,1280,0.5
24782608,370,540,1280,0.5
24826086,370,540,1280,0.5
24869565,370,540,1280,0.5
24913043,370,540,1280,0.5
24956521,370,540,1280,0.5
25000000,370,540,1280,0.5
25043478,370,540,1280,0.5
25086956,370,540,1280,0.5
25130434,370,540,1280,0.5
25173913,370,540,1280,0.5
25217391,370,540,1280,0.5
25260869,370,540,1280,0.5
25304347,370,540,1280,0.5
25347826,370,540,1280,0.5
25391304,370,540,1280,0.5
25434782,370,540,1280,0.5
25478260,370,540,1280,0.5
25521739,370,540,1280,0.5
25565217,370,540,1280,0.5
25608695,370,540,1280,0.5
25652173,370,540,1280,0.5
25695652,370,540,1280,0.5
25739130,370,540,1280,0.5
25782608,370,540,1280,0.5
25826086,370,540,1280,0.5
25869565,370,540,1280,0.5
25913043,370,540,1280,0.5
25956521,370,540,1280,0.5
26000000,370,540,1280,0.5
26043478,370,540,1280,0.5
26086956,370,540,1280,0.5
26130434,370,540,1280,0.5
26173913,370,540,1280,0.5
26217391,370,540,1280,0.5
26260869,370,540,1280,0.5
26304347,370,540,1280,0.5
26347826,370,540,1280,0.5
26391304,370,540,1280,0.5
26434782,370,540,1280,0.5
26478260,370,540,1280,0.5
26521739,370,540,1280,0.5
26565217,370,540,1280,0.5
26608695,370,540,1280,0.5
26652173,370,540,1280,0.5
26695652,370,540,1280,0.5
26739130,370,540,1280,0.5
26782608,370,540,1280,0.5
26826086,370,540,1280,0.5
26869565,370,540,1280,0.5
26913043,370,540,1280,0.5
26956521,370,540,1280,0.5
27000000,370,540,1280,0.5
27043478,370,540,1280,0.5
27086956,370,540,1280,0.5
27130434,370,540,1280,0.5
27173913,370,540,1280,0.5
27217391,370,540,1280,0.5
27260869,370,540,1280,0.5
27304347,370,540,1280,0.5
27347826,370,540,1280,0.5
27391304,370,540,1280,0.5
27434782,370,540,1280,0.5
27478260,370,540,1280,0.5
27521739,370,540,1280,0.5
27565217,370,540,1280,0.5
27608695,370,540,1280,0.5
27652173,370,540,1280,0.5
27695652,370,540,1280,0.5
27739130,370,540,1280,0.5
27782608,370,540,1280,0.5
27826086,370,540,1280,0.5
27869565,370,540,1280,0.5
27913043,370,540,1280,0.5
27956521,370,540,1280,0.5
28000000,370,540,1280,0.5
28043478,370,540,1280,0.5
28086956,370,540,1280,0.5
28130434,370,540,1280,0.5
28173913,370,540,1280,0.5
28217391,370,540,1280,0.5
28260869,370,540,1280,0.5
28304347,370,540,1280,0.5
28347826,370,540,1280,0.5
28391304,370,540,1280,0.5
28434782,370,540,1280,0.5
28478260,370,540,1280,0.5
28521739,370,540,1280,0.5
28565217,370,540,1280,0.5
28608695,370,540,1280,0.5
28652173,370,540,1280,0.5
28695652,370,540,1280,0.5
28739130,370,540,1280,0.5
28782608,370,540,1280,0.5
28826086,370,540,1280,0.5
28869565,370,540,1280,0.5
28913043,370,540,1280,0.5
28956521,370,540,1280,0.5
29000000,370,540,1280,0.5
29043478,370,540,1280,0.5
29086956,370,540,1280,0.5
29130434,370,540,1280,0.5
29173913,370,540,1280,0.5
29217391,370,540,1280,0.5
29260869,370,540,1280,0.5
29304347,370,540,1280,0.5
29347826,370,540,1280,0.5
29391304,370,540,1280,0.5
29434782,370,540,1280,0.5
29478260,370,540,1280,0.5
29521739,370,540,1280,0.5
29565217,370,540,1280,0.5
29608695,370,540,1280,0.5
29652173,370,540,1280,0.5
29695652,370,540,1280,0.5
29739130,370,540,1280,0.5
29782608,370,540,1280,0.5
29826086,370,540,1280,0.5
29869565,370,540,1280,0.5
29913043,370,540,1280,0.5
29956521,370,540,1280,0.5
30000000,370,540,1280,0.5
30043478,370,540,1280,0.5
30086956,370,540,1280,0.5
30130434,370,540,1280,0.5
30173913,370,540,1280,0.5
30217391,370,540,1280,0.5
30260869,370,540,1280,0.5
30304347,370,540,1280,0.5
30347826,370,540,1280,0.5
30391304,370,540,1280,0.5
30434782,370,540,1280,0.5
30478260,370,540,1280,0.5
30521739,370,540,1280,0.5
30565217,370,540,1280,0.5
30608695,370,540,1280,0.5
30652173,370,540,1280,0.5
30695652,370,540,1280,0.5
30739130,370,540,1280,0.5
30782608,370,540,1280,0.5
30826086,370,540,1280,0.5
30869565,370,540,1280,0.5
30913043,370,540,1280,0.5
30956521,370,540,1280,0.5
31000000,370,540,1280,0.5
31043478,370,540,1280,0.5
31086956,370,540,1280,0.5
31130434,370,540,1280,0.5
31173913,370,540,1280,0.5
31217391,370,540,1280,0.5
31260869,370,540,1280,0.5
31304347,370,540,1280,0.5
31347826,370,540,1280,0.5
31391304,370,540,1280,0.5
31434782,370,540,1280,0.5
31478260,370,540,1280,0.5
31521739,370,540,1280,0.5
31565217,370,540,1280,0.5
31608695,370,540,1280,0.5
31652173,370,540,1280,0.5
31695652,370,540,1280,0.5
31739130,370,540,1280,0.5
31782608,370,540,1280,0.5
31826086,370,540,1280,0.5
31869565,370,540,1280,0.5
31913043,370,540,1280,0.5
31956521,370,540,1280,0.5
32000000,370,540,1280,0.5
32043478,370,540,1280,0.5
32086956,370,540,1280,0.5
32130434,370,540,1280,0.5
32173913,370,540,1280,0.5
32217391,370,540,1280,0.5
32260869,370,540,1280,0.5
32304347,370,540,1280,0.5
32347826,370,540,1280,0.5
32391304,370,540,1280,0.5
32434782,370,540,1280,0.5
32478260,370,540,1280,0.5
32521739,370,540,1280,0.5
32565217,370,540,1280,0.5
32608695,370,540,1280,0.5
32652173,370,540,1280,0.5
32695652,370,540,1280,0.5
32739130,370,540,1280,0.5
32782608,370,540,1280,0.5
32826086,370,540,1280,0.5
32869565,370,540,1280,0.5
32913043,370,540,1280,0.5
32956521,370,540,1280,0.5
33000000,370,540,1280,0.5
33043478,370,540,1280,0.5
33086956,370,540,1280,0.5
33130434,370,540,1280,0.5
33173913,370,540,1280,0.5
33217391,370,540,1280,0.5
33260869,370,540,1280,0.5
33304347,370,540,1280,0.5
33347826,370,540,1280,0.5
33391304,370,540,1280,0.5
33434782,370,540,1280,0.5
33478260,370,540,1280,0.5
33521739,370,540,1280,0.5
33565217,370,540,1280,0.5
33608695,370,540,1280,0.5
33652173,370,540,1280,0.5
33695652,370,540,1280,0.5
33739130,370,540,1280,0.5
33782608,370,540,1280,0.5
33826086,370,540,1280,0.5
33869565,370,540,1280,0.5
33913043,370,540,1280,0.5
33956521,370,540,1280,0.5
34000000,370,540,1280,0.5
34043478,370,540,1280,0.5
34086956,370,540,1280,0.5
34130434,370,540,1280,0.5
34173913,370,540,1280,0.5
34217391,370,540,1280,0.5
34260869,370,540,1280,0.5
34304347,370,540,1280,0.5
34347826,370,540,1280,0.5
34391304,370,540,1280,0.5
34434782,370,540,1280,0.5
34478260,370,540,1280,0.5
34521739,370,540,1280,0.5
34565217,370,540,1280,0.5
34608695,370,540,1280,0.5
34652173,370,540,1280,0.5
34695652,370,540,1280,0.5
34739130,370,540,1280,0.5
34782608,370,540,1280,0.5
34826086,370,540,1280,0.5
34869565,370,540,1280,0.5
34913043,370,540,1280,0.5
34956521,370,540,1280,0.5
35000000,370,540,1280,0.5
35043478,370,540,1280,0.5
35086956,370,540,1280,0.5
35130434,370,540,1280,0.5
35173913,370,540,1280,0.5
35217391,370,540,1280,0.5
35260869,370,540,1280,0.5
35304347,370,540,1280,0.5
35347826,370,540,1280,0.5
35391304,370,540,1280,0.5
35434782,370,540,1280,0.5
35478260,370,540,1280,0.5
35521739,370,540,1280,0.5
35565217,370,540,1280,0.5
35608695,370,540,1280,0.5
35652173,370,540,1280,0.5
35695652,370,540,1280,0.5
35739130,370,540,1280,0.5
35782608,370,540,1280,0.5
35826086,370,540,1280,0.5
35869565,370,540,1280,0.5
35913043,370,540,1280,0.5
35956521,370,540,1280,0.5
36000000,370,540,1280,0.5
36043478,370,540,1280,0.5
36086956,370,540,1280,0.5
36130434,370,540,1280,0.5
36173913,370,540,1280,0.5
36217391,370,540,1280,0.5
36260869,370,540,1280,0.5
36304347,370,540,1280,0.5
36347826,370,540,1280,0.5
36391304,370,540,1280,0.5
36434782,370,540,1280,0.5
36478260,370,540,1280,0.5
36521739,370,540,1280,0.5
36565217,370,540,1280,0.5
36608695,370,540,1280,0.5
36652173,370,540,1280,0.5
36695652,370,540,1280,0.5
36739130,370,540,1280,0.5
36782608,370,540,1280,0.5
36826086,370,540,1280,0.5
36869565,370,540,1280,0.5
36913043,370,540,1280,0.5
36956521,370,540,1280,0.5
37000000,370,540,1280,0.5
37043478,370,540,1280,0.5
37086956,370,540,1280,0.5
37130434,370,540,1280,0.5
37173913,370,540,1280,0.5
37217391,370,540,1280,0.5
37260869,370,540,1280,0.5
37304347,370,540,1280,0.5
37347826,370,540,1280,0.5
37391304,370,540,1280,0.5
37434782,370,540,1280,0.5
37478260,370,540,1280,0.5
37521739,370,540,1280,0.5
37565217,370,540,1280,0.5
37608695,370,540,1280,0.5
37652173,370,540,1280,0.5
37695652,370,540,1280,0.5
37739130,370,540,1280,0.5
37782608,370,540,1280,0.5
37826086,370,540,1280,0.5
37869565,370,540,1280,0.5
37913043,370,540,1280,0.5
37956521,370,540,1280,0.5
38000000,370,540,1280,0.5
38043478,370,540,1280,0.5
38086956,370,540,1280,0.5
38130434,370,540,1280,0.5
38173913,370,540,1280,0.5
38217391,370,540,1280,0.5
38260869,370,540,1280,0.5
38304347,370,540,1280,0.5
38347826,370,540,1280,0.5
38391304,370,540,1280,0.5
38434782,370,540,1280,0.5
38478260,370,540,1280,0.5
38521739,370,540,1280,0.5
38565217,370,540,1280,0.5
38608695,370,540,1280,0.5
38652173,370,540,1280,0.5
38695652,370,540,1280,0.5
38739130,370,540,1280,0.5
38782608,370,540,1280,0.5
38826086,370,540,1280,0.5
38869565,370,540,1280,0.5
38913043,370,540,1280,0.5
38956521,370,540,1280,0.5
39000000,370,540,1280,0.5
39043478,370,540,1280,0.5
39086956,370,540,1280,0.5
39130434,370,540,1280,0.5
39173913,370,540,1280,0.5
39217391,370,540,1280,0.5
39260869,370,540,1280,0.5
39304347,370,540,1280,0.5
39347826,370,540,1280,0.5
39391304,370,540,1280,0.5
39434782,370,540,1280,0.5
39478260,370,540,1280,0.5
39521739,370,540,1280,0.5
39565217,370,540,1280,0.5
39608695,370,540,1280,0.5
39652173,370,540,1280,0.5
39695652,370,540,1280,0.5
39739130,370,540,1280,0.5
39782608,370,540,1280,0.5
39826086,370,540,1280,0.5
39869565,370,540,1280,0.5
39913043,370,540,1280,0.5
39956521,370,540,1280,0.5
40000000,370,540,1280,0.5
40043478,370,540,1280,0.5
40086956,370,540,1280,0.5
40130434,370,540,1280,0.5
40173913,370,540,1280,0.5
40217391,370,540,1280,0.5
40260869,370,540,1280,0.5
40304347,370,540,1280,0.5
40347826,370,540,1280,0.5
40391304,370,540,1280,0.5
40434782,370,540,1280,0.5
40478260,370,540,1280,0.5
40521739,370,540,1280,0.5
40565217,370,540,1280,0.5
40608695,370,540,1280,0.5
40652173,370,540,1280,0.5
40695652,370,540,1280,0.5
40739130,370,540,1280,0.5
40782608,370,540,1280,0.5
40826086,370,540,1280,0.5
40869565,370,540,1280,0.5
40913043,370,540,1280,0.5
40956521,370,540,1280,0.5
41000000,370,540,1280,0.5
41043478,370,540,1280,0.5
41086956,370,540,1280,0.5
41130434,370,540,1280,0.5
41173913,370,540,1280,0.5
41217391,370,540,1280,0.5
41260869,370,540,1280,0.5
41304347,370,540,1280,0.5
41347826,370,540,1280,0.5
41391304,370,540,1280,0.5
41434782,370,540,1280,0.5
41478260,370,540,1280,0.5
41521739,370,540,1280,0.5
41565217,370,540,1280,0.5
41608695,370,540,1280,0.5
41652173,370,540,1280,0.5
41695652,370,540,1280,0.5
41739130,370,540,1280,0.5
41782608,370,540,1280,0.5
41826086,370,540,1280,0.5
41869565,370,540,1280,0.5
41913043,370,540,1280,0.5
41956521,370,540,1280,0.5
42000000,370,540,1280,0.5
42043478,370,540,1280,0.5
42086956,370,540,1280,0.5
42130434,370,540,1280,0.5
42173913,370,540,1280,0.5
42217391,370,540,1280,0.5
42260869,370,540,1280,0.5
42304347,370,540,1280,0.5
42347826,370,540,1280,0.5
42391304,370,540,1280,0.5
42434782,370,540,1280,0.5
42478260,370,540,1280,0.5
42521739,370,540,1280,0.5
42565217,370,540,1280,0.5
42608695,370,540,1280,0.5
42652173,370,540,1280,0.5
42695652,370,540,1280,0.5
42739130,370,540,1280,0.5
42782608,370,540,1280,0.5
42826086,370,540,1280,0.5
42869565,370,540,1280,0.5
42913043,370,540,1280,0.5
42956521,370,540,1280,0.5
43000000,370,540,1280,0.5
43043478,370,540,1280,0.5
43086956,370,540,1280,0.5
43130434,370,540,1280,0.5
43173913,370,540,1280,0.5
43217391,370,540,1280,0.5
43260869,370,540,1280,0.5
43304347,370,540,1280,0.5
43347826,370,540,1280,0.5
43391304,370,540,1280,0.5
43434782,370,540,1280,0.5
43478260,370,540,1280,0.5
43521739,370,540,1280,0.5
43565217,370,540,1280,0.5
43608695,370,540,1280,0.5
43652173,370,540,1280,0.5
43695652,370,540,1280,0.5
43739130,370,540,1280,0.5
43782608,370,540,1280,0.5
43826086,370,540,1280,0.5
43869565,370,540,1280,0.5
43913043,370,540,1280,0.5
43956521,370,540,1280,0.5
44000000,370,540,1280,0.5
44043478,370,540,1280,0.5
44086956,370,540,1280,0.5
44130434,370,540,1280,0.5
44173913,370,540,1280,0.5
44217391,370,540,1280,0.5
44260869,370,540,1280,0.5
44304347,370,540,1280,0.5
44347826,370,540,1280,0.5
44391304,370,540,1280,0.5
44434782,370,540,1280,0.5
44478260,370,540,1280,0.5
44521739,370,540,1280,0.5
44565217,370,540,1280,0.5
44608695,370,540,1280,0.5
44652173,370,540,1280,0.5
44695652,370,540,1280,0.5
44739130,370,540,1280,0.5
44782608,370,540,1280,0.5
44826086,370,540,1280,0.5
44869565,370,540,1280,0.5
44913043,370,540,1280,0.5
44956521,370,540,1280,0.5
45000000,370,540,1280,0.5
45043478,370,540,1280,0.5
45086956,370,540,1280,0.5
45130434,370,540,1280,0.5
45173913,370,540,1280,0.5
45217391,370,540,1280,0.5
45260869,370,540,1280,0.5
45304347,370,540,1280,0.5
45347826,370,540,1280,0.5
45391304,370,540,1280,0.5
45434782,370,540,1280,0.5
45478260,370,540,1280,0.5
45521739,370,540,1280,0.5
45565217,370,540,1280,0.5
45608695,370,540,1280,0.5
45652173,370,540,1280,0.5
45695652,370,540,1280,0.5
45739130,370,540,1280,0.5
45782608,370,540,1280,0.5
45826086,370,540,1280,0.5
45869565,370,540,1280,0.5
45913043,370,540,1280,0.5
45956521,370,540,1280,0.5
46000000,370,540,1280,0.5
46043478,370,540,1280,0.5
46086956,370,540,1280,0.5
46130434,370,540,1280,0.5
46173913,370,540,1280,0.5
46217391,370,540,1280,0.5
46260869,370,540,1280,0.5
46304347,370,540,1280,0.5
46347826,370,540,1280,0.5
46391304,370,540,1280,0.5
46434782,370,540,1280,0.5
46478260,370,540,1280,0.5
46521739,370,540,1280,0.5
46565217,370,540,1280,0.5
46608695,370,540,1280,0.5
46652173,370,540,1280,0.5
46695652,370,540,1280,0.5
46739130,370,540,1280,0.5
46782608,370,540,1280,0.5
46826086,370,540,1280,0.5
46869565,370,540,1280,0.5
46913043,370,540,1280,0.5
46956521,370,540,1280,0.5
47000000,370,540,1280,0.5
47043478,370,540,1280,0.5
47086956,370,540,1280,0.5
47130434,370,540,1280,0.5
47173913,370,540,1280,0.5
47217391,370,540,1280,0.5
47260869,370,540,1280,0.5
47304347,370,540,1280,0.5
47347826,370,540,1280,0.5
47391304,370,540,1280,0.5
47434782,370,540,1280,0.5
47478260,370,540,1280,0.5
47521739,370,540,1280,0.5
47565217,370,540,1280,0.5
47608695,370,540,1280,0.5
47652173,370,540,1280,0.5
47695652,370,540,1280,0.5
47739130,370,540,1280,0.5
47782608,370,540,1280,0.5
47826086,370,540,1280,0.5
47869565,370,540,1280,0.5
47913043,370,540,1280,0.5
47956521,370,540,1280,0.5
48000000,370,540,1280,0.5
48043478,370,540,1280,0.5
48086956,370,540,1280,0.5
48130434,370,540,1280,0.5
48173913,370,540,1280,0.5
48217391,370,540,1280,0.5
48260869,370,540,1280,0.5
48304347,370,540,1280,0.5
48347826,370,540,1280,0.5
48391304,370,540,1280,0.5
48434782,370,540,1280,0.5
48478260,370,540,1280,0.5
48521739,370,540,1280,0.5
48565217,370,540,1280,0.5
48608695,370,540,1280,0.5
48652173,370,540,1280,0.5
48695652,370,540,1280,0.5
48739130,370,540,1280,0.5
48782608,370,540,1280,0.5
48826086,370,540,1280,0.5
48869565,370,540,1280,0.5
48913043,370,540,1280,0.5
48956521,370,540,1280,0.5
49000000,370,540,1280,0.5
49043478,370,540,1280,0.5
49086956,370,540,1280,0.5
49130434,370,540,1280,0.5
49173913,370,540,1280,0.5
49217391,370,540,1280,0.5
49260869,370,540,1280,0.5
49304347,370,540,1280,0.5
49347826,370,540,1280,0.5
49391304,370,540,1280,0.5
49434782,370,540,1280,0.5
49478260,370,540,1280,0.5
49521739,370,540,1280,0.5
49565217,370,540,1280,0.5
49608695,370,540,1280,0.5
49652173,370,540,1280,0.5
49695652,370,540,1280,0.5
49739130,370,540,1280,0.5
49782608,370,540,1280,0.5
49826086,370,540,1280,0.5
49869565,370,540,1280,0.5
49913043,370,540,1280,0.5
49956521,370,540,1280,0.5
50000000,370,540,1280,0.5
50043478,370,540,1280,0.5
50086956,370,540,1280,0.5
50130434,370,540,1280,0.5
50173913,370,540,1280,0.5
50217391,370,540,1280,0.5
50260869,370,540,1280,0.5
50304347,370,540,1280,0.5
50347826,370,540,1280,0.5
50391304,370,540,1280,0.5
50434782,370,540,1280,0.5
50478260,370,540,1280,0.5
50521739,370,540,1280,0.5
50565217,370,540,1280,0.5
50608695,370,540,1280,0.5
50652173,370,540,1280,0.5
50695652,370,540,1280,0.5
50739130,370,540,1280,0.5
50782608,370,540,1280,0.5
50826086,370,540,1280,0.5
50869565,370,540,1280,0.5
50913043,370,540,1280,0.5
50956521,370,540,1280,0.5
51000000,370,540,1280,0.5
51043478,370,540,1280,0.5
51086956,370,540,1280,0.5
51130434,370,540,1280,0.5
51173913,370,540,1280,0.5
51217391,370,540,1280,0.5
51260869,370,540,1280,0.5
51304347,370,540,1280,0.5
51347826,370,540,1280,0.5
51391304,370,540,1280,0.5
51434782,370,540,1280,0.5
51478260,370,540,1280,0.5
51521739,370,540,1280,0.5
51565217,370,540,1280,0.5
51608695,370,540,1280,0.5
51652173,370,540,1280,0.5
51695652,370,540,1280,0.5
51739130,370,540,1280,0.5
51782608,370,540,1280,0.5
51826086,370,540,1280,0.5
51869565,370,540,1280,0.5
51913043,370,540,1280,0.5
51956521,370,540,1280,0.5
52000000,370,540,1280,0.5
52043478,370,540,1280,0.5
52086956,370,540,1280,0.5
52130434,370,540,1280,0.5
52173913,370,540,1280,0.5
52217391,370,540,1280,0.5
52260869,370,540,1280,0.5
52304347,370,540,1280,0.5
52347826,370,540,1280,0.5
52391304,370,540,1280,0.5
52434782,370,540,1280,0.5
52478260,370,540,1280,0.5
52521739,370,540,1280,0.5
52565217,370,540,1280,0.5
52608695,370,540,1280,0.5
52652173,370,540,1280,0.5
52695652,370,540,1280,0.5
52739130,370,540,1280,0.5
52782608,370,540,1280,0.5
52826086,370,540,1280,0.5
52869565,370,540,1280,0.5
52913043,370,540,1280,0.5
52956521,370,540,1280,0.5
53000000,370,540,1280,0.5
53043478,370,540,1280,0.5
53086956,370,540,1280,0.5
53130434,370,540,1280,0.5
53173913,370,540,1280,0.5
53217391,370,540,1280,0.5
53260869,370,540,1280,0.5
53304347,370,540,1280,0.5
53347826,370,540,1280,0.5
53391304,370,540,1280,0.5
53434782,370,540,1280,0.5
53478260,370,540,1280,0.5
53521739,370,540,1280,0.5
53565217,370,540,1280,0.5
53608695,370,540,1280,0.5
53652173,370,540,1280,0.5
53695652,370,540,1280,0.5
53739130,370,540,1280,0.5
53782608,370,540,1280,0.5
53826086,370,540,1280,0.5
53869565,370,540,1280,0.5
53913043,370,540,1280,0.5
53956521,370,540,1280,0.5
54000000,370,540,1280,0.5
54043478,370,540,1280,0.5
54086956,370,540,1280,0.5
54130434,370,540,1280,0.5
54173913,370,540,1280,0.5
54217391,370,540,1280,0.5
54260869,370,540,1280,0.5
54304347,370,540,1280,0.5
54347826,370,540,1280,0.5
54391304,370,540,1280,0.5
54434782,370,540,1280,0.5
54478260,370,540,1280,0.5
54521739,370,540,1280,0.5
54565217,370,540,1280,0.5
54608695,370,540,1280,0.5
54652173,370,540,1280,0.5
54695652,370,540,1280,0.5
54739130,370,540,1280,0.5
54782608,370,540,1280,0.5
54826086,370,540,1280,0.5
54869565,370,540,1280,0.5
54913043,370,540,1280,0.5
54956521,370,540,1280,0.5
55000000,370,540,1280,0.5
55043478,370,540,1280,0.5
55086956,370,540,1280,0.5
55130434,370,540,1280,0.5
55173913,370,540,1280,0.5
55217391,370,540,1280,0.5
55260869,370,540,1280,0.5
55304347,370,540,1280,0.5
55347826,370,540,1280,0.5
55391304,370,540,1280,0.5
55434782,370,540,1280,0.5
55478260,370,540,1280,0.5
55521739,370,540,1280,0.5
55565217,370,540,1280,0.5
55608695,370,540,1280,0.5
55652173,370,540,1280,0.5
55695652,370,540,1280,0.5
55739130,370,540,1280,0.5
55782608,370,540,1280,0.5
55826086,370,540,1280,0.5
55869565,370,540,1280,0.5
55913043,370,540,1280,0.5
55956521,370,540,1280,0.5
56000000,370,540,1280,0.5
56043478,370,540,1280,0.5
56086956,370,540,1280,0.5
56130434,370,540,1280,0.5
56173913,370,540,1280,0.5
56217391,370,540,1280,0.5
56260869,370,540,1280,0.5
56304347,370,540,1280,0.5
56347826,370,540,1280,0.5
56391304,370,540,1280,0.5
56434782,370,540,1280,0.5
56478260,370,540,1280,0.5
56521739,370,540,1280,0.5
56565217,370,540,1280,0.5
56608695,370,540,1280,0.5
56652173,370,540,1280,0.5
56695652,370,540,1280,0.5
56739130,370,540,1280,0.5
56782608,370,540,1280,0.5
56826086,370,540,1280,0.5
56869565,370,540,1280,0.5
56913043,370,540,1280,0.5
56956521,370,540,1280,0.5
57000000,370,540,1280,0.5
57043478,370,540,1280,0.5
57086956,370,540,1280,0.5
57130434,370,540,1280,0.5
57173913,370,540,1280,0.5
57217391,370,540,1280,0.5
57260869,370,540,1280,0.5
57304347,370,540,1280,0.5
57347826,370,540,1280,0.5
57391304,370,540,1280,0.5
57434782,370,540,1280,0.5
57478260,370,540,1280,0.5
57521739,370,540,1280,0.5
57565217,370,540,1280,0.5
57608695,370,540,1280,0.5
57652173,370,540,1280,0.5
57695652,370,540,1280,0.5
57739130,370,540,1280,0.5
57782608,370,540,1280,0.5
57826086,370,540,1280,0.5
57869565,370,540,1280,0.5
57913043,370,540,1280,0.5
57956521,370,540,1280,0.5
58000000,370,540,1280,0.5
58043478,370,540,1280,0.5
58086956,370,540,1280,0.5
58130434,370,540,1280,0.5
58173913,370,540,1280,0.5
58217391,370,540,1280,0.5
58260869,370,540,1280,0.5
58304347,370,540,1280,0.5
58347826,370,540,1280,0.5
58391304,370,540,1280,0.5
58434782,370,540,1280,0.5
58478260,370,540,1280,0.5
58521739,370,540,1280,0.5
58565217,370,540,1280,0.5
58608695,370,540,1280,0.5
58652173,370,540,1280,0.5
58695652,370,540,1280,0.5
58739130,370,540,1280,0.5
58782608,370,540,1280,0.5
58826086,370,540,1280,0.5
58869565,370,540,1280,0.5
58913043,370,540,1280,0.5
58956521,370,540,1280,0.5
59000000,370,540,1280,0.5
59043478,370,540,1280,0.5
59086956,370,540,1280,0.5
59130434,370,540,1280,0.5
59173913,370,540,1280,0.5
59217391,370,540,1280,0.5
59260869,370,540,1280,0.5
59304347,370,540,1280,0.5
59347826,370,540,1280,0.5
59391304,370,540,1280,0.5
59434782,370,540,1280,0.5
59478260,370,540,1280,0.5
59521739,370,540,1280,0.5
59565217,370,540,1280,0.5
59608695,370,540,1280,0.5
59652173,370,540,1280,0.5
59695652,370,540,1280,0.5
59739130,370,540,1280,0.5
59782608,370,540,1280,0.5
59826086,370,540,1280,0.5
59869565,370,540,1280,0.5
59913043,370,540,1280,0.5
59956521,370,540,1280,0.5
60000000,370,540,1280,0.5
60043478,370,540,1280,0.5
60086956,370,540,1280,0.5
60130434,370,540,1280,0.5
60173913,370,540,1280,0.5
60217391,370,540,1280,0.5
60260869,370,540,1280,0.5
60304347,370,540,1280,0.5
60347826,370,540,1280,0.5
60391304,370,540,1280,0.5
60434782,370,540,1280,0.5
60478260,370,540,1280,0.5
60521739,370,540,1280,0.5
60565217,370,540,1280,0.5
60608695,370,540,1280,0.5
60652173,370,540,1280,0.5
60695652,370,540,1280,0.5
60739130,370,540,1280,0.5
60782608,370,540,1280,0.5
60826086,370,540,1280,0.5
60869565,370,540,1280,0.5
60913043,370,540,1280,0.5
60956521,370,540,1280,0.5
61000000,370,540,1280,0.5
61043478,370,540,1280,0.5
61086956,370,540,1280,0.5
61130434,370,540,1280,0.5
61173913,370,540,1280,0.5
61217391,370,540,1280,0.5
61260869,370,540,1280,0.5
61304347,370,540,1280,0.5
61347826,370,540,1280,0.5
61391304,370,540,1280,0.5
61434782,370,540,1280,0.5
61478260,370,540,1280,0.5
61521739,370,540,1280,0.5
61565217,370,540,1280,0.5
61608695,370,540,1280,0.5
61652173,370,540,1280,0.5
61695652,370,540,1280,0.5
61739130,370,540,1280,0.5
61782608,370,540,1280,0.5
61826086,370,540,1280,0.5
61869565,370,540,1280,0.5
61913043,370,540,1280,0.5
61956521,370,540,1280,0.5
62000000,370,540,1280,0.5
62043478,370,540,1280,0.5
62086956,370,540,1280,0.5
62130434,370,540,1280,0.5
62173913,370,540,1280,0.5
62217391,370,540,1280,0.5
62260869,370,540,1280,0.5
62304347,370,540,1280,0.5
62347826,370,540,1280,0.5
62391304,370,540,1280,0.5
62434782,370,540,1280,0.5
62478260,370,540,1280,0.5
62521739,370,540,1280,0.5
62565217,370,540,1280,0.5
62608695,370,540,1280,0.5
62652173,370,540,1280,0.5
62695652,370,540,1280,0.5
62739130,370,540,1280,0.5
62782608,370,540,1280,0.5
62826086,370,540,1280,0.5
62869565,370,540,1280,0.5
62913043,370,540,1280,0.5
62956521,370,540,1280,0.5
63000000,370,540,1280,0.5
63043478,370,540,1280,0.5
63086956,370,540,1280,0.5
63130434,370,540,1280,0.5
63173913,370,540,1280,0.5
63217391,370,540,1280,0.5
63260869,370,540,1280,0.5
63304347,370,540,1280,0.5
63347826,370,540,1280,0.5
63391304,370,540,1280,0.5
63434782,370,540,1280,0.5
63478260,370,540,1280,0.5
63521739,370,540,1280,0.5
63565217,370,540,1280,0.5
63608695,370,540,1280,0.5
63652173,370,540,1280,0.5
63695652,370,540,1280,0.5
63739130,370,540,1280,0.5
63782608,370,540,1280,0.5
63826086,370,540,1280,0.5
63869565,370,540,1280,0.5
63913043,370,540,1280,0.5
63956521,370,540,1280,0.5
64000000,370,540,1280,0.5
64043478,370,540,1280,0.5
64086956,370,540,1280,0.5
64130434,370,540,1280,0.5
64173913,370,540,1280,0.5
64217391,370,540,1280,0.5
64260869,370,540,1280,0.5
64304347,370,540,1280,0.5
64347826,370,540,1280,0.5
64391304,370,540,1280,0.5
64434782,370,540,1280,0.5
64478260,370,540,1280,0.5
64521739,370,540,1280,0.5
64565217,370,540,1280,0.5
64608695,370,540,1280,0.5
64652173,370,540,1280,0.5
64695652,370,540,1280,0.5
64739130,370,540,1280,0.5
64782608,370,540,1280,0.5
64826086,370,540,1280,0.5
64869565,370,540,1280,0.5
64913043,370,540,1280,0.5
64956521,370,540,1280,0.5
65000000,370,540,1280,0.5
65043478,370,540,1280,0.5
65086956,370,540,1280,0.5
65130434,370,540,1280,0.5
65173913,370,540,1280,0.5
65217391,370,540,1280,0.5
65260869,370,540,1280,0.5
65304347,370,540,1280,0.5
65347826,370,540,1280,0.5
65391304,370,540,1280,0.5
65434782,370,540,1280,0.5
65478260,370,540,1280,0.5
65521739,370,540,1280,0.5
65565217,370,540,1280,0.5
65608695,370,540,1280,0.5
65652173,370,540,1280,0.5
65695652,370,540,1280,0.5
65739130,370,540,1280,0.5
65782608,370,540,1280,0.5
65826086,370,540,1280,0.5
65869565,370,540,1280,0.5
65913043,370,540,1280,0.5
65956521,370,540,1280,0.5
66000000,370,540,1280,0.5
66043478,370,540,1280,0.5
66086956,370,540,1280,0.5
66130434,370,540,1280,0.5
66173913,370,540,1280,0.5
66217391,370,540,1280,0.5
66260869,370,540,1280,0.5
66304347,370,540,1280,0.5
66347826,370,540,1280,0.5
66391304,370,540,1280,0.5
66434782,370,540,1280,0.5
66478260,370,540,1280,0.5
66521739,370,540,1280,0.5
66565217,370,540,1280,0.5
66608695,370,540,1280,0.5
66652173,370,540,1280,0.5
66695652,370,540,1280,0.5
66739130,370,540,1280,0.5
66782608,370,540,1280,0.5
66826086,370,540,1280,0.5
66869565,370,540,1280,0.5
66913043,370,540,1280,0.5
66956521,370,540,1280,0.5
67000000,370,540,1280,0.5
67043478,370,540,1280,0.5
67086956,370,540,1280,0.5
67130434,370,540,1280,0.5
67173913,370,540,1280,0.5
67217391,370,540,1280,0.5
67260869,370,540,1280,0.5
67304347,370,540,1280,0.5
67347826,370,540,1280,0.5
67391304,370,540,1280,0.5
67434782,370,540,1280,0.5
67478260,370,540,1280,0.5
67521739,370,540,1280,0.5
67565217,370,540,1280,0.5
67608695,370,540,1280,0.5
67652173,370,540,1280,0.5
67695652,370,540,1280,0.5
67739130,370,540,1280,0.5
67782608,370,540,1280,0.5
67826086,370,540,1280,0.5
67869565,370,540,1280,0.5
67913043,370,540,1280,0.5
67956521,370,540,1280,0.5
68000000,370,540,1280,0.5
68043478,370,540,1280,0.5
68086956,370,540,1280,0.5
68130434,370,540,1280,0.5
68173913,370,540,1280,0.5
68217391,370,540,1280,0.5
68260869,370,540,1280,0.5
68304347,370,540,1280,0.5
68347826,370,540,1280,0.5
68391304,370,540,1280,0.5
68434782,370,540,1280,0.5
68478260,370,540,1280,0.5
68521739,370,540,1280,0.5
68565217,370,540,1280,0.5
68608695,370,540,1280,0.5
68652173,370,540,1280,0.5
68695652,370,540,1280,0.5
68739130,370,540,1280,0.5
68782608,370,540,1280,0.5
68826086,370,540,1280,0.5
68869565,370,540,1280,0.5
68913043,370,540,1280,0.5
68956521,370,540,1280,0.5
69000000,370,540,1280,0.5
69043478,370,540,1280,0.5
69086956,370,540,1280,0.5
69130434,370,540,1280,0.5
69173913,370,540,1280,0.5
69217391,370,540,1280,0.5
69260869,370,540,1280,0.5
69304347,370,540,1280,0.5
69347826,370,540,1280,0.5
69391304,370,540,1280,0.5
69434782,370,540,1280,0.5
69478260,370,540,1280,0.5
69521739,370,540,1280,0.5
69565217,370,540,1280,0.5
69608695,370,540,1280,0.5
69652173,370,540,1280,0.5
69695652,370,540,1280,0.5
69739130,370,540,1280,0.5
69782608,370,540,1280,0.5
69826086,370,540,1280,0.5
69869565,370,540,1280,0.5
69913043,370,540,1280,0.5
69956521,370,540,1280,0.5
70000000,370,540,1280,0.5
70043478,370,540,1280,0.5
70086956,370,540,1280,0.5
70130434,370,540,1280,0.5
70173913,370,540,1280,0.5
70217391,370,540,1280,0.5
70260869,370,540,1280,0.5
70304347,370,540,1280,0.5
70347826,370,540,1280,0.5
70391304,370,540,1280,0.5
70434782,370,540,1280,0.5
70478260,370,540,1280,0.5
70521739,370,540,1280,0.5
70565217,370,540,1280,0.5
70608695,370,540,1280,0.5
70652173,370,540,1280,0.5
70695652,370,540,1280,0.5
70739130,370,540,1280,0.5
70782608,370,540,1280,0.5
70826086,370,540,1280,0.5
70869565,370,540,1280,0.5
70913043,370,540,1280,0.5
70956521,370,540,1280,0.5
71000000,370,540,1280,0.5
71043478,370,540,1280,0.5
71086956,370,540,1280,0.5
71130434,370,540,1280,0.5
71173913,370,540,1280,0.5
71217391,370,540,1280,0.5
71260869,370,540,1280,0.5
71304347,370,540,1280,0.5
71347826,370,540,1280,0.5
71391304,370,540,1280,0.5
71434782,370,540,1280,0.5
71478260,370,540,1280,0.5
71521739,370,540,1280,0.5
71565217,370,540,1280,0.5
71608695,370,540,1280,0.5
71652173,370,540,1280,0.5
71695652,370,540,1280,0.5
71739130,370,540,1280,0.5
71782608,370,540,1280,0.5
71826086,370,540,1280,0.5
71869565,370,540,1280,0.5
71913043,370,540,1280,0.5
71956521,370,540,1280,0.5
72000000,370,540,1280,0.5
72043478,370,540,1280,0.5
72086956,370,540,1280,0.5
72130434,370,540,1280,0.5
72173913,370,540,1280,0.5
72217391,370,540,1280,0.5
72260869,370,540,1280,0.5
72304347,370,540,1280,0.5
72347826,370,540,1280,0.5
72391304,370,540,1280,0.5
72434782,370,540,1280,0.5
72478260,370,540,1280,0.5
72521739,370,540,1280,0.5
72565217,370,540,1280,0.5
72608695,370,540,1280,0.5
72652173,370,540,1280,0.5
72695652,370,540,1280,0.5
72739130,370,540,1280,0.5
72782608,370,540,1280,0.5
72826086,370,540,1280,0.5
72869565,370,540,1280,0.5
72913043,370,540,1280,0.5
72956521,370,540,1280,0.5
73000000,370,540,1280,0.5
73043478,370,540,1280,0.5
73086956,370,540,1280,0.5
73130434,370,540,1280,0.5
73173913,370,540,1280,0.5
73217391,370,540,1280,0.5
73260869,370,540,1280,0.5
73304347,370,540,1280,0.5
73347826,370,540,1280,0.5
73391304,370,540,1280,0.5
73434782,370,540,1280,0.5
73478260,370,540,1280,0.5
73521739,370,540,1280,0.5
73565217,370,540,1280,0.5
73608695,370,540,1280,0.5
73652173,370,540,1280,0.5
73695652,370,540,1280,0.5
73739130,370,540,1280,0.5
73782608,370,540,1280,0.5
73826086,370,540,1280,0.5
73869565,370,540,1280,0.5
73913043,370,540,1280,0.5
73956521,370,540,1280,0.5
74000000,370,540,1280,0.5
74043478,370,540,1280,0.5
74086956,370,540,1280,0.5
74130434,370,540,1280,0.5
74173913,370,540,1280,0.5
74217391,370,540,1280,0.5
74260869,370,540,1280,0.5
74304347,370,540,1280,0.5
74347826,370,540,1280,0.5
74391304,370,540,1280,0.5
74434782,370,540,1280,0.5
74478260,370,540,1280,0.5
74521739,370,540,1280,0.5
74565217,370,540,1280,0.5
74608695,370,540,1280,0.5
74652173,370,540,1280,0.5
74695652,370,540,1280,0.5
74739130,370,540,1280,0.5
74782608,370,540,1280,0.5
74826086,370,540,1280,0.5
74869565,370,540,1280,0.5
74913043,370,540,1280,0.5
74956521,370,540,1280,0.5
75000000,370,540,1280,0.5
75043478,370,540,1280,0.5
75086956,370,540,1280,0.5
75130434,370,540,1280,0.5
75173913,370,540,1280,0.5
75217391,370,540,1280,0.5
75260869,370,540,1280,0.5
75304347,370,540,1280,0.5
75347826,370,540,1280,0.5
75391304,370,540,1280,0.5
75434782,370,540,1280,0.5
75478260,370,540,1280,0.5
75521739,370,540,1280,0.5
75565217,370,540,1280,0.5
75608695,370,540,1280,0.5
75652173,370,540,1280,0.5
75695652,370,540,1280,0.5
75739130,370,540,1280,0.5
75782608,370,540,1280,0.5
75826086,370,540,1280,0.5
75869565,370,540,1280,0.5
75913043,370,540,1280,0.5
75956521,370,540,1280,0.5
76000000,370,540,1280,0.5
76043478,370,540,1280,0.5
76086956,370,540,1280,0.5
76130434,370,540,1280,0.5
76173913,370,540,1280,0.5
76217391,370,540,1280,0.5
76260869,370,540,1280,0.5
76304347,370,540,1280,0.5
76347826,370,540,1280,0.5
76391304,370,540,1280,0.5
76434782,370,540,1280,0.5
76478260,370,540,1280,0.5
76521739,370,540,1280,0.5
76565217,370,540,1280,0.5
76608695,370,540,1280,0.5
76652173,370,540,1280,0.5
76695652,370,540,1280,0.5
76739130,370,540,1280,0.5
76782608,370,540,1280,0.5
76826086,370,540,1280,0.5
76869565,370,540,1280,0.5
76913043,370,540,1280,0.5
76956521,370,540,1280,0.5
77000000,370,540,1280,0.5
77043478,370,540,1280,0.5
77086956,370,540,1280,0.5
77130434,370,540,1280,0.5
77173913,370,540,1280,0.5
77217391,370,540,1280,0.5
77260869,370,540,1280,0.5
77304347,370,540,1280,0.5
77347826,370,540,1280,0.5
77391304,370,540,1280,0.5
77434782,370,540,1280,0.5
77478260,370,540,1280,0.5
77521739,370,540,1280,0.5
77565217,370,540,1280,0.5
77608695,370,540,1280,0.5
77652173,370,540,1280,0.5
77695652,370,540,1280,0.5
77739130,370,540,1280,0.5
77782608,370,540,1280,0.5
77826086,370,540,1280,0.5
77869565,370,540,1280,0.5
77913043,370,540,1280,0.5
77956521,370,540,1280,0.5
78000000,370,540,1280,0.5
78043478,370,540,1280,0.5
78086956,370,540,1280,0.5
78130434,370,540,1280,0.5
78173913,370,540,1280,0.5
78217391,370,540,1280,0.5
78260869,370,540,1280,0.5
78304347,370,540,1280,0.5
78347826,370,540,1280,0.5
78391304,370,540,1280,0.5
78434782,370,540,1280,0.5
78478260,370,540,1280,0.5
78521739,370,540,1280,0.5
78565217,370,540,1280,0.5
78608695,370,540,1280,0.5
78652173,370,540,1280,0.5
78695652,370,540,1280,0.5
78739130,370,540,1280,0.5
78782608,370,540,1280,0.5
78826086,370,540,1280,0.5
78869565,370,540,1280,0.5
78913043,370,540,1280,0.5
78956521,370,540,1280,0.5
79000000,370,540,1280,0.5
79043478,370,540,1280,0.5
79086956,370,540,1280,0.5
79130434,370,540,1280,0.5
79173913,370,540,1280,0.5
79217391,370,540,1280,0.5
79260869,370,540,1280,0.5
79304347,370,540,1280,0.5
79347826,370,540,1280,0.5
79391304,370,540,1280,0.5
79434782,370,540,1280,0.5
79478260,370,540,1280,0.5
79521739,370,540,1280,0.5
79565217,370,540,1280,0.5
79608695,370,540,1280,0.5
79652173,370,540,1280,0.5
79695652,370,540,1280,0.5
79739130,370,540,1280,0.5
79782608,370,540,1280,0.5
79826086,370,540,1280,0.5
79869565,370,540,1280,0.5
79913043,370,540,1280,0.5
79956521,370,540,1280,0.5
80000000,370,540,1280,0.5
80043478,370,540,1280,0.5
80086956,370,540,1280,0.5
80130434,370,540,1280,0.5
80173913,370,540,1280,0.5
80217391,370,540,1280,0.5
80260869,370,540,1280,0.5
80304347,370,540,1280,0.5
80347826,370,540,1280,0.5
80391304,370,540,1280,0.5
80434782,370,540,1280,0.5
80478260,370,540,1280,0.5
80521739,370,540,1280,0.5
80565217,370,540,1280,0.5
80608695,370,540,1280,0.5
80652173,370,540,1280,0.5
80695652,370,540,1280,0.5
80739130,370,540,1280,0.5
80782608,370,540,1280,0.5
80826086,370,540,1280,0.5
80869565,370,540,1280,0.5
80913043,370,540,1280,0.5
80956521,370,540,1280,0.5
81000000,370,540,1280,0.5
81043478,370,540,1280,0.5
81086956,370,540,1280,0.5
81130434,370,540,1280,0.5
81173913,370,540,1280,0.5
81217391,370,540,1280,0.5
81260869,370,540,1280,0.5
81304347,370,540,1280,0.5
81347826,370,540,1280,0.5
81391304,370,540,1280,0.5
81434782,370,540,1280,0.5
81478260,370,540,1280,0.5
81521739,370,540,1280,0.5
81565217,370,540,1280,0.5
81608695,370,540,1280,0.5
81652173,370,540,1280,0.5
81695652,370,540,1280,0.5
81739130,370,540,1280,0.5
81782608,370,540,1280,0.5
81826086,370,540,1280,0.5
81869565,370,540,1280,0.5
81913043,370,540,1280,0.5
81956521,370,540,1280,0.5
82000000,370,540,1280,0.5
82043478,370,540,1280,0.5
82086956,370,540,1280,0.5
82130434,370,540,1280,0.5
82173913,370,540,1280,0.5
82217391,370,540,1280,0.5
82260869,370,540,1280,0.5
82304347,370,540,1280,0.5
82347826,370,540,1280,0.5
82391304,370,540,1280,0.5
82434782,370,540,1280,0.5
82478260,370,540,1280,0.5
82521739,370,540,1280,0.5
82565217,370,540,1280,0.5
82608695,370,540,1280,0.5
82652173,370,540,1280,0.5
82695652,370,540,1280,0.5
82739130,370,540,1280,0.5
82782608,370,540,1280,0.5
82826086,370,540,1280,0.5
82869565,370,540,1280,0.5
82913043,370,540,1280,0.5
82956521,370,540,1280,0.5
83000000,370,540,1280,0.5
83043478,370,540,1280,0.5
83086956,370,540,1280,0.5
83130434,370,540,1280,0.5
83173913,370,540,1280,0.5
83217391,370,540,1280,0.5
83260869,370,540,1280,0.5
83304347,370,540,1280,0.5
83347826,370,540,1280,0.5
83391304,370,540,1280,0.5
83434782,370,540,1280,0.5
83478260,370,540,1280,0.5
83521739,370,540,1280,0.5
83565217,370,540,1280,0.5
83608695,370,540,1280,0.5
83652173,370,540,1280,0.5
83695652,370,540,1280,0.5
83739130,370,540,1280,0.5
83782608,370,540,1280,0.5
83826086,370,540,1280,0.5
83869565,370,540,1280,0.5
83913043,370,540,1280,0.5
83956521,370,540,1280,0.5
84000000,370,540,1280,0.5
84043478,370,540,1280,0.5
84086956,370,540,1280,0.5
84130434,370,540,1280,0.5
84173913,370,540,1280,0.5
84217391,370,540,1280,0.5
84260869,370,540,1280,0.5
84304347,370,540,1280,0.5
84347826,370,540,1280,0.5
84391304,370,540,1280,0.5
84434782,370,540,1280,0.5
84478260,370,540,1280,0.5
84521739,370,540,1280,0.5
84565217,370,540,1280,0.5
84608695,370,540,1280,0.5
84652173,370,540,1280,0.5
84695652,370,540,1280,0.5
84739130,370,540,1280,0.5
84782608,370,540,1280,0.5
84826086,370,540,1280,0.5
84869565,370,540,1280,0.5
84913043,370,540,1280,0.5
84956521,370,540,1280,0.5
85000000,370,540,1280,0.5
85043478,370,540,1280,0.5
85086956,370,540,1280,0.5
85130434,370,540,1280,0.5
85173913,370,540,1280,0.5
85217391,370,540,1280,0.5
85260869,370,540,1280,0.5
85304347,370,540,1280,0.5
85347826,370,540,1280,0.5
85391304,370,540,1280,0.5
85434782,370,540,1280,0.5
85478260,370,540,1280,0.5
85521739,370,540,1280,0.5
85565217,370,540,1280,0.5
85608695,370,540,1280,0.5
85652173,370,540,1280,0.5
85695652,370,540,1280,0.5
85739130,370,540,1280,0.5
85782608,370,540,1280,0.5
85826086,370,540,1280,0.5
85869565,370,540,1280,0.5
85913043,370,540,1280,0.5
85956521,370,540,1280,0.5
86000000,370,540,1280,0.5
86043478,370,540,1280,0.5
86086956,370,540,1280,0.5
86130434,370,540,1280,0.5
86173913,370,540,1280,0.5
86217391,370,540,1280,0.5
86260869,370,540,1280,0.5
86304347,370,540,1280,0.5
86347826,370,540,1280,0.5
86391304,370,540,1280,0.5
86434782,370,540,1280,0.5
86478260,370,540,1280,0.5
86521739,370,540,1280,0.5
86565217,370,540,1280,0.5
86608695,370,540,1280,0.5
86652173,370,540,1280,0.5
86695652,370,540,1280,0.5
86739130,370,540,1280,0.5
86782608,370,540,1280,0.5
86826086,370,540,1280,0.5
86869565,370,540,1280,0.5
86913043,370,540,1280,0.5
86956521,370,540,1280,0.5
87000000,370,540,1280,0.5
87043478,370,540,1280,0.5
87086956,370,540,1280,0.5
87130434,370,540,1280,0.5
87173913,370,540,1280,0.5
87217391,370,540,1280,0.5
87260869,370,540,1280,0.5
87304347,370,540,1280,0.5
87347826,370,540,1280,0.5
87391304,370,540,1280,0.5
87434782,370,540,1280,0.5
87478260,370,540,1280,0.5
87521739,370,540,1280,0.5
87565217,370,540,1280,0.5
87608695,370,540,1280,0.5
87652173,370,540,1280,0.5
87695652,370,540,1280,0.5
87739130,370,540,1280,0.5
87782608,370,540,1280,0.5
87826086,370,540,1280,0.5
87869565,370,540,1280,0.5
87913043,370,540,1280,0.5
87956521,370,540,1280,0.5
88000000,370,540,1280,0.5
88043478,370,540,1280,0.5
88086956,370,540,1280,0.5
88130434,370,540,1280,0.5
88173913,370,540,1280,0.5
88217391,370,540,1280,0.5
88260869,370,540,1280,0.5
88304347,370,540,1280,0.5
88347826,370,540,1280,0.5
88391304,370,540,1280,0.5
88434782,370,540,1280,0.5
88478260,370,540,1280,0.5
88521739,370,540,1280,0.5
88565217,370,540,1280,0.5
88608695,370,540,1280,0.5
88652173,370,540,1280,0.5
88695652,370,540,1280,0.5
88739130,370,540,1280,0.5
88782608,370,540,1280,0.5
88826086,370,540,1280,0.5
88869565,370,540,1280,0.5
88913043,370,540,1280,0.5
88956521,370,540,1280,0.5
89000000,370,540,1280,0.5
89043478,370,540,1280,0.5
89086956,370,540,1280,0.5
89130434,370,540,1280,0.5
89173913,370,540,1280,0.5
89217391,370,540,1280,0.5
89260869,370,540,1280,0.5
89304347,370,540,1280,0.5
89347826,370,540,1280,0.5
89391304,370,540,1280,0.5
89434782,370,540,1280,0.5
89478260,370,540,1280,0.5
89521739,370,540,1280,0.5
89565217,370,540,1280,0.5
89608695,370,540,1280,0.5
89652173,370,540,1280,0.5
89695652,370,540,1280,0.5
89739130,370,540,1280,0.5
89782608,370,540,1280,0.5
89826086,370,540,1280,0.5
89869565,370,540,1280,0.5
89913043,370,540,1280,0.5
89956521,370,540,1280,0.5
90000000,370,540,1280,0.5
90043478,370,540,1280,0.5
90086956,370,540,1280,0.5
90130434,370,540,1280,0.5
90173913,370,540,1280,0.5
90217391,370,540,1280,0.5
90260869,370,540,1280,0.5
90304347,370,540,1280,0.5
90347826,370,540,1280,0.5
90391304,370,540,1280,0.5
90434782,370,540,1280,0.5
90478260,370,540,1280,0.5
90521739,370,540,1280,0.5
90565217,370,540,1280,0.5
90608695,370,540,1280,0.5
90652173,370,540,1280,0.5
90695652,370,540,1280,0.5
90739130,370,540,1280,0.5
90782608,370,540,1280,0.5
90826086,370,540,1280,0.5
90869565,370,540,1280,0.5
90913043,370,540,1280,0.5
90956521,370,540,1280,0.5
91000000,370,540,1280,0.5
91043478,370,540,1280,0.5
91086956,370,540,1280,0.5
91130434,370,540,1280,0.5
91173913,370,540,1280,0.5
91217391,370,540,1280,0.5
91260869,370,540,1280,0.5
91304347,370,540,1280,0.5
91347826,370,540,1280,0.5
91391304,370,540,1280,0.5
91434782,370,540,1280,0.5
91478260,370,540,1280,0.5
91521739,370,540,1280,0.5
91565217,370,540,1280,0.5
91608695,370,540,1280,0.5
91652173,370,540,1280,0.5
91695652,370,540,1280,0.5
91739130,370,540,1280,0.5
91782608,370,540,1280,0.5
91826086,370,540,1280,0.5
91869565,370,540,1280,0.5
91913043,370,540,1280,0.5
91956521,370,540,1280,0.5
92000000,370,540,1280,0.5
92043478,370,540,1280,0.5
92086956,370,540,1280,0.5
92130434,370,540,1280,0.5
92173913,370,540,1280,0.5
92217391,370,540,1280,0.5
92260869,370,540,1280,0.5
92304347,370,540,1280,0.5
92347826,370,540,1280,0.5
92391304,370,540,1280,0.5
92434782,370,540,1280,0.5
92478260,370,540,1280,0.5
92521739,370,540,1280,0.5
92565217,370,540,1280,0.5
92608695,370,540,1280,0.5
92652173,370,540,1280,0.5
92695652,370,540,1280,0.5
92739130,370,540,1280,0.5
92782608,370,540,1280,0.5
92826086,370,540,1280,0.5
92869565,370,540,1280,0.5
92913043,370,540,1280,0.5
92956521,370,540,1280,0.5
93000000,370,540,1280,0.5
93043478,370,540,1280,0.5
93086956,370,540,1280,0.5
93130434,370,540,1280,0.5
93173913,370,540,1280,0.5
93217391,370,540,1280,0.5
93260869,370,540,1280,0.5
93304347,370,540,1280,0.5
93347826,370,540,1280,0.5
93391304,370,540,1280,0.5
93434782,370,540,1280,0.5
93478260,370,540,1280,0.5
93521739,370,540,1280,0.5
93565217,370,540,1280,0.5
93608695,370,540,1280,0.5
93652173,370,540,1280,0.5
93695652,370,540,1280,0.5
93739130,370,540,1280,0.5
93782608,370,540,1280,0.5
93826086,370,540,1280,0.5
93869565,370,540,1280,0.5
93913043,370,540,1280,0.5
93956521,370,540,1280,0.5
94000000,370,540,1280,0.5
94043478,370,540,1280,0.5
94086956,370,540,1280,0.5
94130434,370,540,1280,0.5
94173913,370,540,1280,0.5
94217391,370,540,1280,0.5
94260869,370,540,1280,0.5
94304347,370,540,1280,0.5
94347826,370,540,1280,0.5
94391304,370,540,1280,0.5
94434782,370,540,1280,0.5
94478260,370,540,1280,0.5
94521739,370,540,1280,0.5
94565217,370,540,1280,0.5
94608695,370,540,1280,0.5
94652173,370,540,1280,0.5
94695652,370,540,1280,0.5
94739130,370,540,1280,0.5
94782608,370,540,1280,0.5
94826086,370,540,1280,0.5
94869565,370,540,1280,0.5
94913043,370,540,1280,0.5
94956521,370,540,1280,0.5
95000000,370,540,1280,0.5
95043478,370,540,1280,0.5
95086956,370,540,1280,0.5
95130434,370,540,1280,0.5
95173913,370,540,1280,0.5
95217391,370,540,1280,0.5
95260869,370,540,1280,0.5
95304347,370,540,1280,0.5
95347826,370,540,1280,0.5
95391304,370,540,1280,0.5
95434782,370,540,1280,0.5
95478260,370,540,1280,0.5
95521739,370,540,1280,0.5
95565217,370,540,1280,0.5
95608695,370,540,1280,0.5
95652173,370,540,1280,0.5
95695652,370,540,1280,0.5
95739130,370,540,1280,0.5
95782608,370,540,1280,0.5
95826086,370,540,1280,0.5
95869565,370,540,1280,0.5
95913043,370,540,1280,0.5
95956521,370,540,1280,0.5
96000000,370,540,1280,0.5
96043478,370,540,1280,0.5
96086956,370,540,1280,0.5
96130434,370,540,1280,0.5
96173913,370,540,1280,0.5
96217391,370,540,1280,0.5
96260869,370,540,1280,0.5
96304347,370,540,1280,0.5
96347826,370,540,1280,0.5
96391304,370,540,1280,0.5
96434782,370,540,1280,0.5
96478260,370,540,1280,0.5
96521739,370,540,1280,0.5
96565217,370,540,1280,0.5
96608695,370,540,1280,0.5
96652173,370,540,1280,0.5
96695652,370,540,1280,0.5
96739130,370,540,1280,0.5
96782608,370,540,1280,0.5
96826086,370,540,1280,0.5
96869565,370,540,1280,0.5
96913043,370,540,1280,0.5
96956521,370,540,1280,0.5
97000000,370,540,1280,0.5
97043478,370,540,1280,0.5
97086956,370,540,1280,0.5
97130434,370,540,1280,0.5
97173913,370,540,1280,0.5
97217391,370,540,1280,0.5
97260869,370,540,1280,0.5
97304347,370,540,1280,0.5
97347826,370,540,1280,0.5
97391304,370,540,1280,0.5
97434782,370,540,1280,0.5
97478260,370,540,1280,0.5
97521739,370,540,1280,0.5
97565217,370,540,1280,0.5
97608695,370,540,1280,0.5
97652173,370,540,1280,0.5
97695652,370,540,1280,0.5
97739130,370,540,1280,0.5
97782608,370,540,1280,0.5
97826086,370,540,1280,0.5
97869565,370,540,1280,0.5
97913043,370,540,1280,0.5
97956521,370,540,1280,0.5
98000000,370,540,1280,0.5
98043478,370,540,1280,0.5
98086956,370,540,1280,0.5
98130434,370,540,1280,0.5
98173913,370,540,1280,0.5
98217391,370,540,1280,0.5
98260869,370,540,1280,0.5
98304347,370,540,1280,0.5
98347826,370,540,1280,0.5
98391304,370,540,1280,0.5
98434782,370,540,1280,0.5
98478260,370,540,1280,0.5
98521739,370,540,1280,0.5
98565217,370,540,1280,0.5
98608695,370,540,1280,0.5
98652173,370,540,1280,0.5
98695652,370,540,1280,0.5
98739130,370,540,1280,0.5
98782608,370,540,1280,0.5
98826086,370,540,1280,0.5
98869565,370,540,1280,0.5
98913043,370,540,1280,0.5
98956521,370,540,1280,0.5
99000000,370,540,1280,0.5
99043478,370,540,1280,0.5
99086956,370,540,1280,0.5
99130434,370,540,1280,0.5
99173913,370,540,1280,0.5
99217391,370,540,1280,0.5
99260869,370,540,1280,0.5
99304347,370,540,1280,0.5
99347826,370,540,1280,0.5
99391304,370,540,1280,0.5
99434782,370,540,1280,0.5
99478260,370,540,1280,0.5
99521739,370,540,1280,0.5
99565217,370,540,1280,0.5
99608695,370,540,1280,0.5
99652173,370,540,1280,0.5
99695652,370,540,1280,0.5
99739130,370,540,1280,0.5
99782608,370,540,1280,0.5
99826086,370,540,1280,0.5
99869565,370,540,1280,0.5
99913043,370,540,1280,0.5
99956521,370,540,1280,0.5
100000000,370,540,1280,0.5
100043478,370,540,1280,0.5
100086956,370,540,1280,0.5
100130434,370,540,1280,0.5
100173913,370,540,1280,0.5
100217391,370,540,1280,0.5
100260869,370,540,1280,0.5
100304347,370,540,1280,0.5
100347826,370,540,1280,0.5
100391304,370,540,1280,0.5
100434782,370,540,1280,0.5
100478260,370,540,1280,0.5
100521739,370,540,1280,0.5
100565217,370,540,1280,0.5
100608695,370,540,1280,0.5
100652173,370,540,1280,0.5
100695652,370,540,1280,0.5
100739130,370,540,1280,0.5
100782608,370,540,1280,0.5
100826086,370,540,1280,0.5
100869565,370,540,1280,0.5
100913043,370,540,1280,0.5
100956521,370,540,1280,0.5
101000000,370,540,1280,0.5
101043478,370,540,1280,0.5
101086956,370,540,1280,0.5
101130434,370,540,1280,0.5
101173913,370,540,1280,0.5
101217391,370,540,1280,0.5
101260869,370,540,1280,0.5
101304347,370,540,1280,0.5
101347826,370,540,1280,0.5
101391304,370,540,1280,0.5
101434782,370,540,1280,0.5
101478260,370,540,1280,0.5
101521739,370,540,1280,0.5
101565217,370,540,1280,0.5
101608695,370,540,1280,0.5
101652173,370,540,1280,0.5
101695652,370,540,1280,0.5
101739130,370,540,1280,0.5
101782608,370,540,1280,0.5
101826086,370,540,1280,0.5
101869565,370,540,1280,0.5
101913043,370,540,1280,0.5
101956521,370,540,1280,0.5
102000000,370,540,1280,0.5
102043478,370,540,1280,0.5
102086956,370,540,1280,0.5
102130434,370,540,1280,0.5
102173913,370,540,1280,0.5
102217391,370,540,1280,0.5
102260869,370,540,1280,0.5
102304347,370,540,1280,0.5
102347826,370,540,1280,0.5
102391304,370,540,1280,0.5
102434782,370,540,1280,0.5
102478260,370,540,1280,0.5
102521739,370,540,1280,0.5
102565217,370,540,1280,0.5
102608695,370,540,1280,0.5
102652173,370,540,1280,0.5
102695652,370,540,1280,0.5
102739130,370,540,1280,0.5
102782608,370,540,1280,0.5
102826086,370,540,1280,0.5
102869565,370,540,1280,0.5
102913043,370,540,1280,0.5
102956521,370,540,1280,0.5
103000000,370,540,1280,0.5
103043478,370,540,1280,0.5
103086956,370,540,1280,0.5
103130434,370,540,1280,0.5
103173913,370,540,1280,0.5
103217391,370,540,1280,0.5
103260869,370,540,1280,0.5
103304347,370,540,1280,0.5
103347826,370,540,1280,0.5
103391304,370,540,1280,0.5
103434782,370,540,1280,0.5
103478260,370,540,1280,0.5
103521739,370,540,1280,0.5
103565217,370,540,1280,0.5
103608695,370,540,1280,0.5
103652173,370,540,1280,0.5
103695652,370,540,1280,0.5
103739130,370,540,1280,0.5
103782608,370,540,1280,0.5
103826086,370,540,1280,0.5
103869565,370,540,1280,0.5
103913043,370,540,1280,0.5
103956521,370,540,1280,0.5
104000000,370,540,1280,0.5
104043478,370,540,1280,0.5
104086956,370,540,1280,0.5
104130434,370,540,1280,0.5
104173913,370,540,1280,0.5
104217391,370,540,1280,0.5
104260869,370,540,1280,0.5
104304347,370,540,1280,0.5
104347826,370,540,1280,0.5
104391304,370,540,1280,0.5
104434782,370,540,1280,0.5
104478260,370,540,1280,0.5
104521739,370,540,1280,0.5
104565217,370,540,1280,0.5
104608695,370,540,1280,0.5
104652173,370,540,1280,0.5
104695652,370,540,1280,0.5
104739130,370,540,1280,0.5
104782608,370,540,1280,0.5
104826086,370,540,1280,0.5
104869565,370,540,1280,0.5
104913043,370,540,1280,0.5
104956521,370,540,1280,0.5
105000000,370,540,1280,0.5
105043478,370,540,1280,0.5
105086956,370,540,1280,0.5
105130434,370,540,1280,0.5
105173913,370,540,1280,0.5
105217391,370,540,1280,0.5
105260869,370,540,1280,0.5
105304347,370,540,1280,0.5
105347826,370,540,1280,0.5
105391304,370,540,1280,0.5
105434782,370,540,1280,0.5
105478260,370,540,1280,0.5
105521739,370,540,1280,0.5
105565217,370,540,1280,0.5
105608695,370,540,1280,0.5
105652173,370,540,1280,0.5
105695652,370,540,1280,0.5
105739130,370,540,1280,0.5
105782608,370,540,1280,0.5
105826086,370,540,1280,0.5
105869565,370,540,1280,0.5
105913043,370,540,1280,0.5
105956521,370,540,1280,0.5
106000000,370,540,1280,0.5
106043478,370,540,1280,0.5
106086956,370,540,1280,0.5
106130434,370,540,1280,0.5
106173913,370,540,1280,0.5
106217391,370,540,1280,0.5
106260869,370,540,1280,0.5
106304347,370,540,1280,0.5
106347826,370,540,1280,0.5
106391304,370,540,1280,0.5
106434782,370,540,1280,0.5
106478260,370,540,1280,0.5
106521739,370,540,1280,0.5
106565217,370,540,1280,0.5
106608695,370,540,1280,0.5
106652173,370,540,1280,0.5
106695652,370,540,1280,0.5
106739130,370,540,1280,0.5
106782608,370,540,1280,0.5
106826086,370,540,1280,0.5
106869565,370,540,1280,0.5
106913043,370,540,1280,0.5
106956521,370,540,1280,0.5
107000000,370,540,1280,0.5
107043478,370,540,1280,0.5
107086956,370,540,1280,0.5
107130434,370,540,1280,0.5
107173913,370,540,1280,0.5
107217391,370,540,1280,0.5
107260869,370,540,1280,0.5
107304347,370,540,1280,0.5
107347826,370,540,1280,0.5
107391304,370,540,1280,0.5
107434782,370,540,1280,0.5
107478260,370,540,1280,0.5
107521739,370,540,1280,0.5
107565217,370,540,1280,0.5
107608695,370,540,1280,0.5
107652173,370,540,1280,0.5
107695652,370,540,1280,0.5
107739130,370,540,1280,0.5
107782608,370,540,1280,0.5
107826086,370,540,1280,0.5
107869565,370,540,1280,0.5
107913043,370,540,1280,0.5
107956521,370,540,1280,0.5
108000000,370,540,1280,0.5
108043478,370,540,1280,0.5
108086956,370,540,1280,0.5
108130434,370,540,1280,0.5
108173913,370,540,1280,0.5
108217391,370,540,1280,0.5
108260869,370,540,1280,0.5
108304347,370,540,1280,0.5
108347826,370,540,1280,0.5
108391304,370,540,1280,0.5
108434782,370,540,1280,0.5
108478260,370,540,1280,0.5
108521739,370,540,1280,0.5
108565217,370,540,1280,0.5
108608695,370,540,1280,0.5
108652173,370,540,1280,0.5
108695652,370,540,1280,0.5
108739130,370,540,1280,0.5
108782608,370,540,1280,0.5
108826086,370,540,1280,0.5
108869565,370,540,1280,0.5
108913043,370,540,1280,0.5
108956521,370,540,1280,0.5
109000000,370,540,1280,0.5
109043478,370,540,1280,0.5
109086956,370,540,1280,0.5
109130434,370,540,1280,0.5
109173913,370,540,1280,0.5
109217391,370,540,1280,0.5
109260869,370,540,1280,0.5
109304347,370,540,1280,0.5
109347826,370,540,1280,0.5
109391304,370,540,1280,0.5
109434782,370,540,1280,0.5
109478260,370,540,1280,0.5
109521739,370,540,1280,0.5
109565217,370,540,1280,0.5
109608695,370,540,1280,0.5
109652173,370,540,1280,0.5
109695652,370,540,1280,0.5
109739130,370,540,1280,0.5
109782608,370,540,1280,0.5
109826086,370,540,1280,0.5
109869565,370,540,1280,0.5
109913043,370,540,1280,0.5
109956521,370,540,1280,0.5
110000000,370,540,1280,0.5
110043478,370,540,1280,0.5
110086956,370,540,1280,0.5
110130434,370,540,1280,0.5
110173913,370,540,1280,0.5
110217391,370,540,1280,0.5
110260869,370,540,1280,0.5
110304347,370,540,1280,0.5
110347826,370,540,1280,0.5
110391304,370,540,1280,0.5
110434782,370,540,1280,0.5
110478260,370,540,1280,0.5
110521739,370,540,1280,0.5
110565217,370,540,1280,0.5
110608695,370,540,1280,0.5
110652173,370,540,1280,0.5
110695652,370,540,1280,0.5
110739130,370,540,1280,0.5
110782608,370,540,1280,0.5
110826086,370,540,1280,0.5
110869565,370,540,1280,0.5
110913043,370,540,1280,0.5
110956521,370,540,1280,0.5
111000000,370,540,1280,0.5
111043478,370,540,1280,0.5
111086956,370,540,1280,0.5
111130434,370,540,1280,0.5
111173913,370,540,1280,0.5
111217391,370,540,1280,0.5
111260869,370,540,1280,0.5
111304347,370,540,1280,0.5
111347826,370,540,1280,0.5
111391304,370,540,1280,0.5
111434782,370,540,1280,0.5
111478260,370,540,1280,0.5
111521739,370,540,1280,0.5
111565217,370,540,1280,0.5
111608695,370,540,1280,0.5
111652173,370,540,1280,0.5
111695652,370,540,1280,0.5
111739130,370,540,1280,0.5
111782608,370,540,1280,0.5
111826086,370,540,1280,0.5
111869565,370,540,1280,0.5
111913043,370,540,1280,0.5
111956521,370,540,1280,0.5
112000000,370,540,1280,0.5
112043478,370,540,1280,0.5
112086956,370,540,1280,0.5
112130434,370,540,1280,0.5
112173913,370,540,1280,0.5
112217391,370,540,1280,0.5
112260869,370,540,1280,0.5
112304347,370,540,1280,0.5
112347826,370,540,1280,0.5
112391304,370,540,1280,0.5
112434782,370,540,1280,0.5
112478260,370,540,1280,0.5
112521739,370,540,1280,0.5
112565217,370,540,1280,0.5
112608695,370,540,1280,0.5
112652173,370,540,1280,0.5
112695652,370,540,1280,0.5
112739130,370,540,1280,0.5
112782608,370,540,1280,0.5
112826086,370,540,1280,0.5
112869565,370,540,1280,0.5
112913043,370,540,1280,0.5
112956521,370,540,1280,0.5
113000000,370,540,1280,0.5
113043478,370,540,1280,0.5
113086956,370,540,1280,0.5
113130434,370,540,1280,0.5
113173913,370,540,1280,0.5
113217391,370,540,1280,0.5
113260869,370,540,1280,0.5
113304347,370,540,1280,0.5
113347826,370,540,1280,0.5
113391304,370,540,1280,0.5
113434782,370,540,1280,0.5
113478260,370,540,1280,0.5
113521739,370,540,1280,0.5
113565217,370,540,1280,0.5
113608695,370,540,1280,0.5
113652173,370,540,1280,0.5
113695652,370,540,1280,0.5
113739130,370,540,1280,0.5
113782608,370,540,1280,0.5
113826086,370,540,1280,0.5
113869565,370,540,1280,0.5
113913043,370,540,1280,0.5
113956521,370,540,1280,0.5
114000000,370,540,1280,0.5
114043478,370,540,1280,0.5
114086956,370,540,1280,0.5
114130434,370,540,1280,0.5
114173913,370,540,1280,0.5
114217391,370,540,1280,0.5
114260869,370,540,1280,0.5
114304347,370,540,1280,0.5
114347826,370,540,1280,0.5
114391304,370,540,1280,0.5
114434782,370,540,1280,0.5
114478260,370,540,1280,0.5
114521739,370,540,1280,0.5
114565217,370,540,1280,0.5
114608695,370,540,1280,0.5
114652173,370,540,1280,0.5
114695652,370,540,1280,0.5
114739130,370,540,1280,0.5
114782608,370,540,1280,0.5
114826086,370,540,1280,0.5
114869565,370,540,1280,0.5
114913043,370,540,1280,0.5
114956521,370,540,1280,0.5
115000000,370,540,1280,0.5
115043478,370,540,1280,0.5
115086956,370,540,1280,0.5
115130434,370,540,1280,0.5
115173913,370,540,1280,0.5
115217391,370,540,1280,0.5
115260869,370,540,1280,0.5
115304347,370,540,1280,0.5
115347826,370,540,1280,0.5
115391304,370,540,1280,0.5
115434782,370,540,1280,0.5
115478260,370,540,1280,0.5
115521739,370,540,1280,0.5
115565217,370,540,1280,0.5
115608695,370,540,1280,0.5
115652173,370,540,1280,0.5
115695652,370,540,1280,0.5
115739130,370,540,1280,0.5
115782608,370,540,1280,0.5
115826086,370,540,1280,0.5
115869565,370,540,1280,0.5
115913043,370,540,1280,0.5
115956521,370,540,1280,0.5
116000000,370,540,1280,0.5
116043478,370,540,1280,0.5
116086956,370,540,1280,0.5
116130434,370,540,1280,0.5
116173913,370,540,1280,0.5
116217391,370,540,1280,0.5
116260869,370,540,1280,0.5
116304347,370,540,1280,0.5
116347826,370,540,1280,0.5
116391304,370,540,1280,0.5
116434782,370,540,1280,0.5
116478260,370,540,1280,0.5
116521739,370,540,1280,0.5
116565217,370,540,1280,0.5
116608695,370,540,1280,0.5
116652173,370,540,1280,0.5
116695652,370,540,1280,0.5
116739130,370,540,1280,0.5
116782608,370,540,1280,0.5
116826086,370,540,1280,0.5
116869565,370,540,1280,0.5
116913043,370,540,1280,0.5
116956521,370,540,1280,0.5
117000000,370,540,1280,0.5
117043478,370,540,1280,0.5
117086956,370,540,1280,0.5
117130434,370,540,1280,0.5
117173913,370,540,1280,0.5
117217391,370,540,1280,0.5
117260869,370,540,1280,0.5
117304347,370,540,1280,0.5
117347826,370,540,1280,0.5
117391304,370,540,1280,0.5
117434782,370,540,1280,0.5
117478260,370,540,1280,0.5
117521739,370,540,1280,0.5
117565217,370,540,1280,0.5
117608695,370,540,1280,0.5
117652173,370,540,1280,0.5
117695652,370,540,1280,0.5
117739130,370,540,1280,0.5
117782608,370,540,1280,0.5
117826086,370,540,1280,0.5
117869565,370,540,1280,0.5
117913043,370,540,1280,0.5
117956521,370,540,1280,0.5
118000000,370,540,1280,0.5
118043478,370,540,1280,0.5
118086956,370,540,1280,0.5
118130434,370,540,1280,0.5
118173913,370,540,1280,0.5
118217391,370,540,1280,0.5
118260869,370,540,1280,0.5
118304347,370,540,1280,0.5
118347826,370,540,1280,0.5
118391304,370,540,1280,0.5
118434782,370,540,1280,0.5
118478260,370,540,1280,0.5
118521739,370,540,1280,0.5
118565217,370,540,1280,0.5
118608695,370,540,1280,0.5
118652173,370,540,1280,0.5
118695652,370,540,1280,0.5
118739130,370,540,1280,0.5
118782608,370,540,1280,0.5
118826086,370,540,1280,0.5
118869565,370,540,1280,0.5
118913043,370,540,1280,0.5
118956521,370,540,1280,0.5
119000000,370,540,1280,0.5
119043478,370,540,1280,0.5
119086956,370,540,1280,0.5
119130434,370,540,1280,0.5
119173913,370,540,1280,0.5
119217391,370,540,1280,0.5
119260869,370,540,1280,0.5
119304347,370,540,1280,0.5
119347826,370,540,1280,0.5
